<?xml version="1.0" encoding="UTF-8"?>
<TEI xmlns="http://www.tei-c.org/ns/1.0">
    <teiHeader>
        <fileDesc>
            <titleStmt>
                <title>Codex zographensis (Tetraevangelion), Glag. 1., Russian National Library,
                    Sankt Petersburg, 10th c., middle.</title>
                <author>Dilyana Radoslavova</author>
            </titleStmt>
            <publicationStmt>
                <publisher>Institute of Literature</publisher>
                <pubPlace>Sofia</pubPlace>
                <date>2013.</date>
            </publicationStmt>
            <sourceDesc>
                <p>Printed catalogues.</p>
            </sourceDesc>
        </fileDesc>
        <profileDesc>
            <langUsage>
                <language ident="en">English</language>
                <language ident="ru">Russian</language>
                <language ident="bg">Bulgarian</language>
            </langUsage>
            <textClass>
                <keywords scheme="Repertorium">
                    <list>
                        <item>Four Gospels</item>
                        <item>Bible books</item>
                        <item>Tetraevangelion</item>
                    </list>
                </keywords>
            </textClass>
        </profileDesc>
    </teiHeader>
    <text>
        <body>
            <msDesc>
                <msIdentifier>
                    <country>Russia,</country>
                    <settlement>Sankt Petersburg,</settlement>
                    <repository>Russian National Library,</repository>
                    <idno type="shelfmark">Glag. 1, <idno type="catalogue">15.</idno>
                    </idno>
                    <msName type="general">Tetraevangelion; </msName>
                    <msName type="individual">Codex zographensis.</msName>
                    <altIdentifier>
                        <idno> Шмидт 1984: 15.</idno>
                    </altIdentifier>
                </msIdentifier>

                <physDesc>
                    <objectDesc form="codex">
                        <supportDesc material="parch">
                            <support><material>Parchment.</material></support>
                            <extent>272 ff.</extent>
                        </supportDesc>
                    </objectDesc>
                    <handDesc>
                        <handNote>Round Glagolica.</handNote>
                    </handDesc>
                </physDesc>
                <history>
                    <origin><origDate>10th c., middle.</origDate></origin>
                    <provenance>
                        <p>In the late 11th - early 12th c. the Gospel of Matthew was supplemented
                            with a quire written in Glagolitic script over an earlier Glagolitic
                            gospel text, the so-called Zographou palimpsest. In the very end of the
                            codex there is a 13th-c. Cyrillic synaxarion (church calendar) of 16
                            folia.</p>
                        <p>The MS was found in Zographou Monastery. In 1860 the Zographou
                            brotherhood donated the codex to the Russian emperor Alexander II
                            (1855-1881).</p></provenance>
                </history>
                <additional>
                    <listBibl>
                        <bibl><ref>Григорович 1877</ref>; <ref>Срезневский 1852</ref>;
                                <ref>Срезневский 1855-1856</ref>; <ref>Срезневский 1863</ref>;
                                <ref>Jagic 1879</ref>; <ref>Гранстрем 1953</ref>; <ref>Добрев
                                1971</ref>; <ref>Добрев 1985</ref>; <ref>Куев 1986.</ref></bibl>
                    </listBibl>
                </additional>
            </msDesc>
        </body>
    </text>
</TEI>
