<?xml version="1.0" encoding="UTF-8"?>
<TEI xmlns="http://www.tei-c.org/ns/1.0"><teiHeader xml:space="preserve">
                <fileDesc>
                    <titleStmt>
                        <title>Vita of Paul the Simple from the Codex Suprasliensis</title>
                    </titleStmt>
                    <publicationStmt>
                        <p>Unpublished</p>
                    </publicationStmt>
                    <sourceDesc>
                        <p>http://suprasliensis.obdurodon.org</p>
                    </sourceDesc>
                </fileDesc>
    <profileDesc>
        <particDesc>
            <listPerson>
                <person xml:id="paul">
                    <persName>Paul</persName>
                </person>
                <person xml:id="anthony">
                    <persName>Anthony</persName>
                </person>
            </listPerson>
        </particDesc>
    </profileDesc>
            </teiHeader>
<text>
<body>
<head>Vita Pauli simplicis (19 March)</head>
<ab>
<pb n="085v"/>
<lb n="28"/>Мѣсꙙца марта въ девꙙтꙑ на десꙙте· житиѥ прѣ
<lb n="29" break="no"/>подобь҆нааго о҅тьца нашего· <name ref="#paul">павъла прѣ
<lb n="30" break="no"/>простааго</name> ⁘
<pb n="086r"/>
<lb n="01"/>Повѣдаа҅ше же ст꙯ꙑи божии· и҅е҅раѯ·
<lb n="02"/>и҅ кронии҆· и҅ и҅ни мноꙁи о҅тъ братиѧ
<lb n="03"/><subst><del>и</del><add>о҅</add></subst> н҄ихъже хъштѫ глаголати· ꙗ҅ко
<lb n="04"/>паулъ нѣкꙿто пол҄ьскꙑи҆ ратаи҆·
<lb n="05"/>и҅ꙁдрꙙдь беꙁълобенъ и҅ простъ
<lb n="06"/>житиѥ҅мъ· съ крась҆ноѭ҄ женоѭ҄ съпрꙙ
<lb n="07" break="no"/>же сꙙ· ꙁълонравънѫ раꙁоума· ꙗ҅же
<lb n="08"/>о҅таи҆ ѥ҅го съгрѣшааше ⁝ на дль҆ꙁѣ врѣме
<lb n="09" break="no"/>ни же съ села напрасно въшедъ въ домъ
<lb n="10"/>свои҆· о҅брѣте ꙗ҅ ꙁъло творꙙшта· промꙑ
<lb n="11" break="no"/>слоу на поль҆ꙁь҆ноѥ о҄управь҆ꙗ҅ѭ҄штоу
<lb n="12"/>паула· и҅ видѣвъ ѭ҄ съ о҅бꙑчь҆нѫѭ҄ ѥ҅ѧ҅
<lb n="13"/>хотиѭ҄· вь҆смиꙗ҅вь҆ сꙙ вь҆ꙁь҆пи к н҄има
<lb n="14"/>глагол҄ꙙ· добрѣ добрѣ тако ми їсоуса
<lb n="15"/>небрѣгѫ о҅ томъ· а҅ꙁъ о҄уже к томоу не
<lb n="16"/>виждѫ ѥ҅ѧ· и҅ди и҅мѣи ѭ и҅ дѣти ѥѧ·
<lb n="17"/>а҅ꙁъ бо и҅дѫ и҅ бѫдѫ чрь҆нориꙁецъ· и҅ ни
<lb n="18"/>къ комоу же ничь҆соже рекъ· и҅де в<subst><del>ъ</del><add>ь</add></subst> поу
<lb n="19" break="no"/>стꙑн҄ѫ къ блаженоуоумоу <name ref="#anthony">а҅нтонию</name>·
<lb n="20"/>и҅ тлъкнѫвъ двьри· и҅ и҅шедъ же свꙙ
<lb n="21" break="no"/>тꙑи҆ а҅нтонии· въпраша и҆ чь҆то хъште·
<lb n="22"/>глагола паулъ· чрънориꙁецъ хоштѫ бꙑ<hi rend="sup">т</hi>·
<lb n="23"/>о҅тъвѣшта ѥ҅моу а҅нтонии҆· шесть де
<lb n="24" break="no"/>сꙙтъ лѣтъ сꙑ· и҅ старъ о҄уже сꙑ· сь҆
<lb n="25" break="no"/>де чрь҆нецъ не можеши бꙑти· нъ па
<lb n="26" break="no"/>че и҅ди вь вь҆сь҆· и҅ дѣлаѧ живи благо
<lb n="27" break="no"/>дарь҆ствꙙ бога· не можеши бо тꙑ съ
<lb n="28" break="no"/>тръпѣти скрь҆бии поустꙑн҄ьскꙑхꙿ·
<lb n="29"/>о҅тъвѣштавъ старь҆цъ рече· ѥ҅же а҅ште
<lb n="30"/>мꙙ нао҄учиши· то то сътворѫ· рече ѥ҅мꙋ
<pb n="086v"/>
<lb n="01"/>а҅нтонии҆· рѣхъ ти ꙗ҅ко старъ ѥ҅си·
<lb n="02"/>и҅ не можеши чрь҆нецъ бꙑти· и҅ди
<lb n="03"/>а҅ште хоштеши чрь҆нецъ бꙑти· вь
<lb n="04" break="no"/>лѣꙁи вь о҅бь҆штии манастꙑрь҆· и҅жде
<lb n="05" break="no"/>же вꙙште братиѧ ѥ҅стъ· и҅же могѫ
<lb n="06" break="no"/>тъ тебѣ и҅ болѣꙁнемъ твоимъ по
<lb n="07" break="no"/>слоужити· а҅ꙁъ бо ѥ҅динъ сѣждѫ
<lb n="08"/>сь҆де· пꙙтꙑи дь҆нь҆ не въкоушаѧ
<lb n="09"/>брашно· и҅ тоже по скѫдоу· сими о҄у
<lb n="10" break="no"/>бо глаголꙑ о҅тъганꙗше паула· и҅ ак<hi rend="sup">о</hi>
<lb n="11"/>не рачи послоушати ѥ҅го· ꙁатворивꙿ
<lb n="12"/>двь҆ри а҅нтонии· того ради не вь҆
<lb n="13" break="no"/>ниде до трии дь҆нии ни ꙁа ходоу се
<lb n="14" break="no"/>бѣ· старьцъ же прѣбꙑваа҅ше не о҅
<lb n="15" break="no"/>тъходꙙ· въ четврь҆тъи дь҆нь҆· по
<lb n="16" break="no"/>трѣбънаꙗ ноужда ѥ҅моу бꙑстъ·
<lb n="17"/>и҅ о҅твръꙁъ и҅ꙁиде· и҅ видѣвъ пакꙑ
<lb n="18"/>павъла глагола ѥ҅моу· о҅тиди о҅тъ
<lb n="19" break="no"/>сѫдоу старьче· почто мꙙ ноуди
<lb n="20" break="no"/>ши· не можеши сьде прѣбꙑти·
<lb n="21"/>глагола ѥ҅моу паулъ· нѣстъ ми
<lb n="22"/>ль҆ꙁѣ и҅намо и҅ти раꙁвѣ сь҆де·
<lb n="23"/>вь҆ꙁьрѣвъ же а҅нтонии и҅ видѣвъ
<lb n="24"/>ꙗ҅ко не носитъ ничсоже на кръмѫ·
<lb n="25"/>ни хлѣба ни водꙑ· ни и҅ного ни
<lb n="26" break="no"/>чсоже· и҅ четврътꙑи҆ дь҆нь҆ и҅матъ
<lb n="27"/>тръпꙙ беꙁ брашъна· помꙑсли е҅
<lb n="28" break="no"/>да како о҅тъпадетъ и о҄умь҆ретъ·
<lb n="29"/>не о҅бꙑкъ а҅лчъбꙑ· и врѣдитъ
<lb n="30"/>ми доушѫ· вь҆веде и кь҆ себѣ·
<pb n="087r"/>
<lb n="01"/>и҅ꙁвѣстивъ же си ꙁѣло о҅ н҄емъ о҅ вь҆се
<lb n="02" break="no"/>мъ· блаженꙑи҆ и҅ великꙑи҆ а҅нтониї·
<lb n="03"/>ꙗ҅ко съвръшена ѥ҅стъ ꙁѣло доуша
<lb n="04"/>ѥ҅го· христовъ же рабъ ꙁѣло простъ
<lb n="05"/>сꙑ· нѣ по колицѣхъ мѣсꙙцихъ
<lb n="06"/>христовоѭ҄ благодѣтиѭ҄· сь҆дѣи҅
<lb n="07" break="no"/>ствоуѭ҄штоу ѥ҅моу и҅ блаженоуо҄у
<lb n="08" break="no"/>моу а҅нтонию҄· сътвори ѥ҅моу хꙑ
<lb n="09" break="no"/>ꙁинѫ о҅собь҆ да и҅скоусъ прии҅метъ
<lb n="10"/>бѣсовъскъ· живъ же ѥ҅динъ о҅ се
<lb n="11" break="no"/>бѣ паулъ прѣпростꙑи· лѣто ѥ҅
<lb n="12" break="no"/>дино· и҅ благодѣти съподоби сꙙ
<lb n="13"/>о҅ бѣсѣхъ· и҅ болѣꙁнехъ вь҆сѣцѣхъ·
<lb n="14"/>оуправивъ до конь҆ца въꙁдръжа
<lb n="15" break="no"/>ньнѫнѫѭ҄ благодѣть· въ ѥ҅динъ
<lb n="16"/>о҄убо о҅тъ дь҆нии· ꙁѣло лютѣ бѣсꙙ
<lb n="17" break="no"/>штъ сꙙ ю҄ноша приведенъ҆ бꙑстъ
<lb n="18"/>къ блаженоуо҄умоу а҅нтонию҄· въ
<lb n="19" break="no"/>ꙁь҆рѣвъ же великꙑи а҅нтонии на
<lb n="20"/>ю҄ношѫ· глагола водꙙштии҅мъ и҆·
<lb n="21"/>нѣстъ се моѥ дѣло· о҅ семъ бо чи
<lb n="22" break="no"/>ноу бѣсовь҆стѣѣмь҆ начꙙль҆нѣѣ
<lb n="23" break="no"/>мь· нѣсмъ сꙙ ѥ҅ште съподоби
<lb n="24" break="no"/>лъ благодѣти· нъ сии даръ·
<lb n="25"/>паула ѥ҅стъ прѣпростаа҅го· шъ
<lb n="26" break="no"/>дъ же великꙑи а҅нтонии къ и҅
<lb n="27" break="no"/>скоусъноуо҄умоу паулоу· ведꙑ
<lb n="28"/>и҅ тꙑ· и҅ глагола ѥ҅моу о҅ть҆че пау
<lb n="29" break="no"/>ле· и҅ждени бѣсъ сии о҅тъ чловѣ
<lb n="30" break="no"/>ка сего· да цѣлъ и҅детъ въ свои҆
<pb n="087v"/>
<lb n="01"/>домъ· и҅ да прославитъ бога· глаго
<lb n="02" break="no"/>ла ѥ҅моу паулъ· а҅ тꙑ что· рече ѥ҅мꙋ
<lb n="03"/>а҅нтонии҆· нѣсмъ праꙁденъ а҅ꙁъ
<lb n="04"/>и҅но дѣло и҅мамъ· и҅ о҅ставивъ тоу
<lb n="05"/>о҅трока великꙑи а҅нтонии· и҆ въꙁꙿ
<lb n="06" break="no"/>врати сꙙ въ своѭ҄ хꙑꙁинѫ· въста
<lb n="07" break="no"/>въ же беꙁлобь҆нꙑи старьць҆· и҅ по
<lb n="08" break="no"/>моливъ сꙙ· и҅ приꙁвавъ бѣсꙙштаꙿ
<lb n="09" break="no"/>аго сꙙ глагола· рече о҅тьцъ а҅нтониї
<lb n="10"/>и҅ꙁиди и҅ꙁъ чловѣка· бѣсъ же съ
<lb n="11"/>хоулоѭ҄ въпиꙗ҅ше глагол҄ꙙ· не и҅ꙁі
<lb n="12" break="no"/>дѫ ꙁълꙑи҆ старче лѫкавꙑи҆· въꙁь҆
<lb n="13" break="no"/>мъ же милотиѭ҄ своѭ҄ биꙗ҅ше и҆ по
<lb n="14"/>хръбътоу глагол҄ꙙ· и҅ꙁиди рече
<lb n="15"/>о҅ть҆ць҆ а҅нтонии· бѣсъ же хоулꙑ
<lb n="16"/>вѣштаа҅ше на а҅нтониꙗ и на павъ
<lb n="17" break="no"/>ла· глагол҄ꙙ бол҄ьшь҆ми· гладива
<lb n="18" break="no"/>ꙗ сиꙗ· ненасꙑштенаꙗ· ꙗ҅же
<lb n="19"/>николиже свои҅мъ нѣста сꙑта·
<lb n="20"/>кѫѭ҄ о҅бь҆штинѫ и҅мата съ мноѭ҄·
<lb n="21"/>что нꙑ мѫчита· глагола павь҆
<lb n="22" break="no"/>лъ· и҅ꙁлѣꙁеши ли· и҅ли и҅дѫ къ хрі
<lb n="23" break="no"/>стосоу· и҅ горе тебѣ и҅матъ сътво
<lb n="24" break="no"/>рити· похоули же и҅ христоса све
<lb n="25" break="no"/>рѣпꙑи тъ бѣсъ вь҆пиѧ· не и҅ꙁи
<lb n="26" break="no"/>дѫ· раꙁгнѣвавъ же сꙙ павь҆лъ на 
<lb n="27"/>бѣсъ· и҅ и҅шедъ и҅ꙁъ хꙑꙁинꙑ
<lb n="28"/>своѥѧ въ прѣпладь҆нь҆ѥ҅· е҅гупꙿ
<lb n="29" break="no"/>ть҆стии҆ ꙁноѥве о҄убо· ничимъ
<lb n="30" break="no"/>же сѫтъ хоуждъши· вавулонь҆
<pb n="088r"/>
<lb n="01" break="no"/>скꙑѧ о҅ноѧ пештьницꙙ· ставъ о҄у
<lb n="02" break="no"/>бо на камени свꙙтꙑи старьцъ на
<lb n="03"/>ꙁнои҆· молꙗше сꙙ богоу глагол҄ꙙ си
<lb n="04" break="no"/>це· тꙑ видиши їс꙯ хс꙯е· распꙙтꙑи
<lb n="05"/>при пѫнть҆стѣмъ пилатѣ· ꙗ҅ко не
<lb n="06"/>и҅мамъ сьлѣсти съ камене сего· ни
<lb n="07"/>имамъ ꙗ҅сти ни пити доньдеже о҄у
<lb n="08" break="no"/>мърѫ· а҅ште мене не о҄услꙑши· и҅
<lb n="09"/>и҅жденеши бѣса сего о҅тъ чловѣка
<lb n="10"/>сего· и҅ свободь҆ сего сътвориши о҅
<lb n="11" break="no"/>тъ доуха сего нечистааго· ѥ҅ште
<lb n="12"/>же глагол҄ѫштоу прѣпростоуо҄у
<lb n="13" break="no"/>моу· и҅ сь҆мѣреноуо҄умоу паулоу
<lb n="14"/>їсоусовоу· прѣжде съконь҆чани
<lb n="15" break="no"/>ꙗ молитвꙑ· вь҆ꙁь҆пи гласомъ
<lb n="16"/>бѣсъ и҅дѫ и҅дѫ· и҅ и҅схождѫ ноу
<lb n="17" break="no"/>ждею҄ и҅ мѫкоѭ҄ женомъ ѥ҅смъ·
<lb n="18"/>о҅тъхождѫ о҅тъ чловѣка· о҄уже
<lb n="19"/>кꙿ томоу не приближѫ сꙙ къ сь҆
<lb n="20" break="no"/>мѣреноуо҄умоу и҅ прѣпростоуо҄у
<lb n="21" break="no"/>моу паулоу· женетъ бо мꙙ и҅ не
<lb n="22"/>вѣдѣ камо и҅дѫ· и҅ а҅биѥ҆ и҅ꙁиде
<lb n="23"/>бѣсъ· и҅ прѣложи сꙙ въ ꙁмии ве
<lb n="24" break="no"/>ликъ· ꙗ҅ко седмь҆ десꙙтъ лакъ
<lb n="25" break="no"/>тъ· и҅ и҅де пль҆ꙁꙙ къ чръмъноу
<lb n="26" break="no"/>о҄умоу мороу· да съконь҆чаѥ҅тъ
<lb n="27"/>сꙙ реченоѥ ст꙯ꙑи҅мъ доухомъ· на
<lb n="28"/>кого вь҆ꙁь҆рѫ· нъ на кротъкааго и
<lb n="29"/>мль҆чаливааго и҅ сьмѣренааго срь
<lb n="30" break="no"/>дь҆цемъ· и҅ трепештѫштаа҅го мои҅хꙿ
<pb n="088v"/>
<lb n="01"/>словесъ· си сѫтъ чоудеса сь҆мѣренаꙿ
<lb n="02" break="no"/>го и҅ прѣпростааго паула· и҅ и҅на вꙙ
<lb n="03" break="no"/>шть҆ша и҅ бол҄ьша сихъ· сии҆ нарече
<lb n="04"/>сꙙ прѣпростꙑи вь҆сеѭ҄ братиѭ҄· ѥ҅го
<lb n="05" break="no"/>же молитвами причꙙсть҆ници бѫ
<lb n="06" break="no"/>дѣмъ цѣсарь҆ства небесъскаа҅го·
<lb n="07"/>нꙑн҄ѣ и҅ присно и҅ вь҆ вѣкꙑ вѣкомъ· амі<hi rend="sup">н</hi> ⁘
<lb n="08"/></ab></body></text></TEI>